dataset,algorithm,runtime_sec,ari,purity,davies_bouldin,f_measure,n_components,init_params,bic,avg_log_likelihood
iris,GaussianMixture,0.005037779000303999,0.5681159420289855,1.0,0.48770481288357487,0.7777777777777778,2.0,kmeans,-866.4064634360465,3.3723829565494596
iris,GaussianMixture,0.004774951999934274,0.5681159420289855,1.0,0.48770481288357487,0.7777777777777778,2.0,random_from_data,-866.4064634360465,3.3723829565494596
iris,GaussianMixture,0.016140987000198947,0.9038742317748124,0.9666666666666667,0.8726490053443214,0.9665831244778613,3.0,kmeans,-859.5695932317757,3.600125153906703
iris,GaussianMixture,0.02532438500020362,0.9038742317748124,0.9666666666666667,0.8726490053443214,0.9665831244778613,3.0,random_from_data,-859.5447468837114,3.6000423327464888
iris,GaussianMixture,0.04287630099997841,0.8028146695161698,0.8533333333333334,1.1771930299259774,0.9108935742971886,4.0,kmeans,-810.5282384091253,3.6871857358693476
iris,GaussianMixture,0.02484211499995581,0.7417305876120056,0.82,1.6505611430555334,0.892706131078224,4.0,random_from_data,-810.7421122115605,3.687898648544132
